date_key,full_date,day_of_week,month_name,quarter,is_weekend
2936,2024-12-29 17:09:26,Sunday,March,Q2,True
153362,2024-09-28 18:47:15,Saturday,January,Q2,False
1339725,2024-07-02 10:35:24,Friday,February,Q1,True
423163,2025-11-03 12:25:20,Thursday,February,Q1,True
821433,2025-03-22 11:33:19,Friday,February,Q1,False
175225,2025-11-14 13:22:06,Thursday,March,Q2,True
1643352,2024-04-09 12:16:48,Sunday,January,Q2,True
1463433,2024-03-18 07:28:16,Thursday,March,Q1,False
1644199,2024-06-05 09:31:40,Thursday,May,Q3,True
1720501,2025-07-16 14:20:55,Thursday,December,Q1,True
1005321,2024-05-17 11:52:35,Tuesday,August,Q3,True
168739,2025-11-02 08:42:55,Tuesday,September,Q3,True
1131243,2025-10-27 14:30:10,Thursday,December,Q2,False
429385,2025-10-12 17:19:54,Saturday,May,Q2,False
338480,2025-08-06 10:10:00,Sunday,October,Q1,True
1600214,2024-10-15 15:58:40,Tuesday,November,Q2,False
367873,2024-04-24 06:28:27,Thursday,February,Q4,True
213804,2024-11-08 07:30:41,Monday,October,Q4,False
1997073,2024-10-18 15:34:09,Thursday,March,Q2,False
768393,2024-08-01 13:19:50,Friday,January,Q3,False
1412484,2024-05-27 12:58:06,Sunday,March,Q2,True
1936372,2025-05-01 13:07:20,Thursday,March,Q3,True
879052,2024-12-06 11:33:08,Tuesday,September,Q4,False
1678676,2025-12-08 23:02:31,Sunday,June,Q2,True
91358,2025-09-04 15:19:58,Tuesday,October,Q4,False
298262,2024-01-23 22:17:20,Saturday,November,Q3,False
691965,2024-08-11 13:10:07,Thursday,February,Q1,False
1914271,2025-08-06 13:57:24,Tuesday,December,Q2,False
839855,2024-08-07 16:55:41,Saturday,March,Q2,True
504716,2024-12-19 06:00:26,Sunday,September,Q4,True
1050680,2025-02-18 11:13:54,Tuesday,December,Q3,True
928492,2024-03-16 05:59:06,Friday,July,Q4,True
1361293,2024-08-07 20:51:51,Thursday,August,Q1,True
1590145,2025-10-04 16:32:11,Saturday,March,Q3,True
1956576,2025-03-06 18:20:21,Tuesday,November,Q2,True
1128115,2025-05-27 14:59:28,Wednesday,October,Q2,False
1307952,2025-08-14 10:21:24,Tuesday,September,Q4,False
1326276,2025-10-10 07:27:26,Thursday,June,Q2,False
834322,2025-12-17 12:46:56,Thursday,December,Q4,False
1785143,2025-10-22 12:34:18,Tuesday,October,Q4,False
1911793,2024-06-24 08:27:31,Thursday,May,Q4,False
1206403,2024-07-28 13:35:51,Saturday,August,Q1,True
1864460,2025-03-02 08:10:56,Saturday,December,Q3,False
1349751,2024-01-07 15:36:09,Tuesday,February,Q1,False
906351,2025-09-29 09:18:57,Tuesday,March,Q2,True
1257896,2025-01-03 12:11:16,Sunday,January,Q1,False
946931,2025-08-22 17:38:29,Tuesday,August,Q2,False
1606179,2025-07-19 10:04:19,Sunday,April,Q3,False
1330323,2024-08-19 13:46:24,Thursday,March,Q4,False
684102,2025-07-21 10:15:55,Saturday,October,Q4,False
426745,2024-12-27 08:09:06,Thursday,November,Q2,False
1958000,2024-06-02 14:35:37,Friday,November,Q4,False
1161585,2025-04-18 22:44:33,Thursday,October,Q3,True
1853203,2024-07-18 17:30:05,Wednesday,November,Q2,True
1793061,2025-05-31 12:50:53,Thursday,November,Q2,False
1442302,2025-06-07 09:39:19,Sunday,March,Q1,True
856898,2024-10-15 17:25:19,Thursday,March,Q4,True
175656,2025-01-15 08:39:18,Saturday,August,Q2,True
1445235,2025-01-17 08:08:24,Thursday,November,Q4,True
1020827,2025-09-25 12:02:18,Friday,March,Q3,True
336813,2024-06-12 16:37:34,Saturday,September,Q4,False
1196475,2024-04-23 14:23:31,Wednesday,November,Q2,False
1589490,2025-01-13 20:40:27,Monday,May,Q2,True
1908996,2025-08-20 03:07:51,Sunday,May,Q4,True
1741150,2024-05-28 14:45:03,Saturday,August,Q2,True
579001,2024-05-03 15:15:45,Wednesday,February,Q4,True
877877,2025-06-16 06:04:20,Wednesday,August,Q2,True
1115570,2025-07-20 11:48:15,Wednesday,November,Q1,False
1094970,2025-02-06 14:48:45,Thursday,April,Q4,True
754681,2024-07-25 06:04:31,Friday,November,Q3,False
926200,2025-02-22 17:14:02,Sunday,June,Q3,True
370799,2024-01-01 15:00:59,Sunday,May,Q4,False
450451,2025-06-15 10:43:32,Saturday,June,Q4,False
696360,2025-10-11 10:34:26,Monday,March,Q2,True
311682,2024-04-28 14:15:54,Tuesday,April,Q4,False
1291792,2024-08-19 07:38:12,Monday,March,Q2,True
1587747,2025-06-04 09:23:15,Wednesday,March,Q3,False
1839145,2024-07-10 13:44:15,Sunday,October,Q4,True
259631,2024-08-14 15:28:45,Thursday,February,Q4,True
88986,2025-03-18 07:37:45,Friday,May,Q3,True
939160,2025-08-07 16:58:44,Wednesday,March,Q2,True
431232,2025-05-20 19:04:37,Thursday,April,Q1,False
1280974,2024-12-31 07:03:07,Saturday,November,Q3,False
1904323,2024-12-18 23:18:56,Monday,July,Q3,True
1418673,2024-09-30 11:15:53,Tuesday,October,Q4,False
1678934,2025-08-30 19:34:34,Wednesday,February,Q2,False
1152409,2025-12-14 16:56:09,Monday,October,Q4,False
248714,2025-01-27 06:16:33,Monday,July,Q2,True
1883974,2024-01-06 13:25:08,Friday,March,Q2,False
504638,2025-03-20 19:53:30,Tuesday,August,Q2,True
73040,2024-02-01 15:05:47,Sunday,March,Q2,False
1018140,2024-02-29 14:55:31,Monday,August,Q4,False
1641929,2024-02-25 12:09:57,Tuesday,June,Q2,True
303222,2024-08-05 14:40:32,Tuesday,May,Q2,False
37622,2024-03-07 08:25:24,Thursday,August,Q2,False
1099436,2024-06-01 08:04:54,Saturday,March,Q2,False
1679912,2024-11-03 07:14:16,Friday,February,Q1,True
1615949,2025-01-12 09:24:28,Thursday,August,Q2,False
1563743,2024-12-16 14:00:42,Sunday,November,Q4,True
337975,2025-05-28 13:22:51,Saturday,November,Q4,False
684253,2025-01-05 16:59:07,Saturday,May,Q4,True
935889,2025-02-28 08:15:06,Tuesday,August,Q4,True
865897,2025-08-01 13:58:24,Friday,August,Q3,True
834785,2025-03-25 11:18:14,Sunday,April,Q2,False
1554955,2025-05-30 14:38:19,Sunday,March,Q4,False
1363829,2024-08-01 21:40:01,Saturday,October,Q2,True
457538,2025-02-01 13:29:29,Monday,July,Q4,False
439713,2024-04-22 12:16:12,Saturday,May,Q2,False
1485223,2024-11-25 14:13:24,Saturday,December,Q1,True
721880,2024-10-23 18:47:08,Monday,May,Q4,True
417087,2025-10-22 15:32:34,Tuesday,June,Q4,True
611414,2025-07-22 05:39:00,Thursday,September,Q4,True
711463,2024-08-02 03:38:49,Saturday,March,Q1,True
410382,2025-10-18 09:06:17,Thursday,December,Q2,True
1864128,2024-05-10 16:10:34,Wednesday,March,Q3,False
1317855,2025-10-21 14:23:22,Monday,October,Q2,False
451554,2025-05-20 11:29:22,Monday,May,Q2,False
832196,2024-06-10 07:41:20,Saturday,January,Q4,False
612982,2025-11-28 11:01:30,Monday,June,Q4,False
198563,2024-10-17 20:54:41,Wednesday,October,Q4,False
1119328,2024-08-29 18:55:48,Saturday,January,Q3,False
193292,2025-01-19 14:40:27,Monday,October,Q4,True
556660,2024-04-01 11:27:28,Saturday,November,Q2,True
1591983,2025-08-12 10:43:21,Wednesday,June,Q1,False
1859047,2025-04-19 08:04:24,Wednesday,March,Q3,False
1571709,2024-05-29 12:14:38,Monday,April,Q4,False
617918,2024-01-20 14:07:22,Thursday,July,Q4,True
332677,2025-07-06 13:05:55,Tuesday,August,Q1,True
28460,2024-12-05 15:19:24,Thursday,March,Q2,False
379324,2024-07-16 17:06:31,Wednesday,July,Q2,False
130957,2025-02-22 13:45:57,Wednesday,January,Q2,False
985639,2024-02-28 07:54:28,Sunday,March,Q2,True
1669834,2025-01-18 17:58:31,Sunday,June,Q4,False
1487922,2024-03-30 12:03:52,Saturday,February,Q1,True
285766,2025-06-27 17:37:27,Friday,July,Q3,True
915082,2025-09-13 11:55:34,Monday,January,Q3,False
1825577,2025-08-14 18:16:25,Saturday,November,Q1,True
1406790,2024-02-22 10:19:06,Friday,December,Q2,False
1656014,2024-09-02 08:14:06,Friday,November,Q2,False
1118507,2025-03-10 18:35:01,Thursday,April,Q4,False
1810576,2024-02-01 20:42:48,Monday,October,Q2,True
147487,2024-12-19 17:22:24,Thursday,August,Q4,True
1740311,2024-04-29 08:08:45,Sunday,March,Q3,True
1196806,2024-10-15 04:55:52,Friday,October,Q3,True
19722,2025-10-29 08:55:06,Sunday,August,Q2,True
1939558,2025-01-15 10:16:08,Wednesday,May,Q2,False
1825599,2024-07-15 13:02:52,Tuesday,August,Q3,False
231820,2024-02-03 22:46:16,Sunday,July,Q1,True
1478609,2025-01-01 09:31:12,Thursday,March,Q4,False
448493,2024-03-13 09:43:16,Thursday,March,Q1,True
816097,2024-11-23 10:53:34,Sunday,September,Q1,False
1842056,2025-05-06 08:22:03,Wednesday,November,Q2,True
220358,2024-08-20 12:36:25,Wednesday,August,Q4,False
1276603,2025-12-13 11:47:40,Tuesday,October,Q2,False
685955,2024-04-02 22:39:21,Thursday,October,Q2,True
513288,2024-11-04 10:25:30,Sunday,June,Q3,False
945190,2025-02-16 22:35:30,Monday,September,Q3,True
1966082,2024-12-13 16:05:39,Saturday,August,Q1,True
975195,2024-11-02 20:39:57,Saturday,October,Q1,False
1084283,2025-07-30 11:09:18,Sunday,August,Q1,False
1513796,2024-04-13 19:17:09,Monday,November,Q1,False
986107,2025-06-08 03:00:14,Tuesday,May,Q3,True
1317006,2025-07-20 18:09:49,Thursday,January,Q3,True
1429673,2025-09-13 11:23:41,Sunday,February,Q4,True
1409951,2025-10-06 01:31:17,Saturday,June,Q3,False
643589,2024-08-05 13:26:45,Friday,April,Q1,False
1324428,2025-01-21 09:16:41,Friday,March,Q1,True
103182,2024-01-06 19:16:51,Sunday,August,Q4,True
1946249,2024-03-01 17:03:51,Sunday,August,Q3,True
1247550,2025-11-08 12:32:13,Saturday,April,Q2,False
1026633,2025-05-18 17:10:37,Friday,March,Q4,True
1210673,2025-07-15 20:38:06,Thursday,March,Q2,False
901570,2025-05-04 17:09:56,Thursday,March,Q1,True
251253,2025-10-28 10:07:00,Monday,August,Q3,True
221224,2025-11-01 15:53:36,Wednesday,February,Q4,False
1544956,2024-07-27 14:16:11,Wednesday,August,Q4,True
1114532,2024-03-12 11:17:15,Thursday,November,Q2,False
744877,2025-04-18 09:21:47,Tuesday,February,Q4,True
1313359,2025-03-02 10:51:14,Friday,February,Q2,True
1919414,2025-09-28 18:57:01,Friday,August,Q3,False
195626,2025-07-26 13:06:11,Thursday,February,Q2,True
842219,2024-09-25 12:37:39,Thursday,May,Q3,False
212573,2024-06-09 10:38:45,Monday,November,Q1,False
1187494,2025-02-19 10:09:47,Sunday,March,Q3,True
972590,2024-09-15 00:52:53,Friday,March,Q2,True
1432388,2025-04-06 14:03:22,Friday,April,Q1,False
734168,2025-05-29 14:04:03,Monday,October,Q2,False
1157350,2024-10-27 13:27:35,Monday,November,Q2,True
1579305,2024-03-07 15:58:53,Thursday,March,Q4,True
1417838,2025-08-02 15:45:37,Sunday,February,Q1,False
1795099,2024-01-08 15:42:51,Monday,August,Q2,False
75603,2025-07-01 10:58:07,Sunday,March,Q2,False
677375,2024-05-24 03:16:46,Wednesday,February,Q3,True
1144588,2025-03-17 11:36:15,Tuesday,December,Q1,False
1189929,2025-05-04 15:55:16,Tuesday,October,Q4,False
920060,2025-03-15 14:27:39,Sunday,March,Q2,True
11935,2024-01-17 09:38:37,Saturday,January,Q1,False
1002621,2024-10-21 06:20:03,Tuesday,December,Q4,False
1253815,2024-09-26 19:53:56,Friday,February,Q1,False
1006597,2024-10-22 16:42:36,Saturday,January,Q4,False
1888726,2025-11-06 11:03:22,Monday,June,Q2,False
720554,2024-06-24 06:39:44,Wednesday,November,Q4,False
842850,2025-07-12 19:37:57,Thursday,August,Q2,False
1627557,2024-12-27 21:07:34,Thursday,April,Q2,False
387583,2025-07-17 18:13:26,Friday,February,Q2,True
1162364,2024-11-27 13:35:59,Saturday,October,Q1,True
221806,2025-06-30 10:42:15,Saturday,February,Q2,False
1082609,2024-07-07 07:32:30,Sunday,November,Q3,True
1181975,2024-02-16 12:43:25,Monday,August,Q4,False
1503798,2024-02-02 11:37:19,Sunday,March,Q2,False
1001012,2024-05-24 17:35:45,Monday,September,Q1,True
827111,2024-11-18 23:28:50,Wednesday,November,Q1,False
1572338,2024-06-18 19:04:43,Sunday,August,Q3,True
980903,2025-12-25 19:21:41,Saturday,August,Q2,True
1220991,2024-10-19 08:31:27,Tuesday,October,Q2,True
1099465,2024-09-14 13:59:42,Monday,March,Q4,True
319391,2025-02-13 04:39:07,Sunday,September,Q2,False
314993,2025-04-19 08:23:15,Wednesday,November,Q4,False
662335,2025-12-14 21:44:24,Friday,July,Q4,True
315542,2025-03-10 10:47:36,Saturday,August,Q4,True
1483726,2024-09-04 13:51:53,Sunday,April,Q1,True
1444029,2025-08-21 10:07:55,Thursday,July,Q2,True
53053,2024-10-17 09:09:56,Thursday,August,Q4,False
668226,2025-01-17 10:25:12,Thursday,April,Q2,False
448020,2025-02-04 11:57:32,Thursday,August,Q4,True
1023916,2025-07-12 16:00:17,Thursday,March,Q3,False
616105,2025-05-27 08:17:54,Thursday,September,Q2,True
1323453,2024-12-02 08:36:36,Sunday,June,Q1,False
1427970,2024-09-03 16:17:13,Thursday,May,Q4,True
1701482,2024-05-27 15:01:41,Monday,September,Q4,True
195440,2025-02-17 08:36:31,Monday,November,Q2,False
420798,2025-04-22 08:46:45,Sunday,January,Q2,False
84584,2024-05-13 09:05:22,Sunday,August,Q4,False
1379623,2024-09-02 17:54:07,Sunday,April,Q4,False
407419,2024-08-14 10:53:17,Saturday,August,Q2,False
832985,2024-03-03 15:12:10,Tuesday,July,Q3,False
1667420,2024-09-05 11:53:50,Tuesday,December,Q2,True
860077,2025-02-08 10:59:56,Thursday,March,Q4,True
1415072,2024-09-05 14:27:03,Sunday,November,Q4,True
1070713,2025-10-04 13:11:47,Sunday,August,Q1,True
811837,2024-03-28 08:00:01,Monday,August,Q2,False
1900687,2024-03-31 08:26:33,Wednesday,May,Q4,False
204393,2024-08-13 06:07:47,Saturday,May,Q2,False
1350229,2024-04-28 04:25:58,Saturday,September,Q2,True
60872,2024-11-03 06:55:12,Wednesday,March,Q2,False
1232654,2024-07-08 22:10:28,Saturday,March,Q2,True
1046397,2024-12-20 13:24:11,Thursday,February,Q2,False
1227319,2024-01-18 07:42:20,Thursday,August,Q4,False
135480,2024-07-27 16:17:30,Sunday,December,Q4,False
145437,2024-06-28 14:59:09,Thursday,October,Q3,False
1750240,2025-10-02 15:41:52,Saturday,January,Q2,False
291616,2024-06-11 10:13:15,Tuesday,November,Q2,False
427783,2024-11-12 09:54:01,Friday,December,Q3,True
1238410,2025-09-26 08:14:48,Sunday,May,Q3,True
945005,2024-05-24 15:10:14,Monday,July,Q3,False
1967392,2024-10-19 09:02:02,Thursday,March,Q4,False
419326,2025-06-02 19:55:57,Saturday,November,Q3,True
1437531,2024-01-02 14:58:32,Tuesday,August,Q2,True
140884,2024-07-26 07:34:08,Monday,March,Q4,False
590436,2025-04-06 09:17:18,Friday,March,Q2,True
265621,2024-11-29 17:31:22,Sunday,March,Q1,False
414548,2024-11-03 18:52:04,Thursday,January,Q1,False
1275289,2024-01-12 17:24:32,Tuesday,November,Q4,False
251185,2025-04-26 06:00:12,Thursday,November,Q2,False
1018250,2025-01-18 12:23:29,Thursday,September,Q4,True
519866,2024-03-10 13:43:43,Saturday,October,Q1,False
514767,2025-04-08 12:27:41,Monday,March,Q4,True
50140,2024-08-20 15:48:02,Wednesday,June,Q4,False
1236837,2025-11-23 06:24:55,Wednesday,March,Q4,False
361463,2025-07-19 10:11:29,Saturday,October,Q3,False
158029,2025-01-14 07:11:21,Wednesday,December,Q2,False
806716,2025-06-26 15:21:16,Saturday,March,Q1,True
1109672,2024-06-18 07:55:21,Tuesday,December,Q4,True
1074441,2025-08-10 10:14:43,Wednesday,February,Q4,False
1220595,2024-02-12 08:03:33,Wednesday,December,Q2,False
1271255,2024-03-30 13:38:16,Tuesday,November,Q4,False
882959,2025-04-29 16:26:02,Monday,March,Q3,True
883374,2024-07-05 08:22:48,Friday,August,Q3,True
1877880,2025-03-29 13:59:38,Saturday,May,Q2,False
166679,2024-12-10 11:01:25,Wednesday,May,Q2,True
258217,2024-04-09 08:30:35,Monday,March,Q4,True
89434,2025-06-15 13:55:30,Thursday,July,Q4,True
1710949,2025-07-13 10:45:40,Friday,February,Q3,False
319002,2024-05-05 14:26:55,Friday,February,Q1,True
957106,2024-01-19 14:41:40,Saturday,October,Q4,True
376583,2025-06-10 17:20:24,Sunday,October,Q4,True
258258,2024-09-14 17:32:51,Wednesday,June,Q4,True
1098577,2025-11-05 10:51:09,Sunday,March,Q4,False
1114213,2025-12-27 08:04:25,Saturday,January,Q3,False
580918,2024-03-10 20:51:13,Thursday,August,Q3,False
793591,2024-06-02 14:38:46,Wednesday,December,Q4,False
1187009,2025-08-30 08:41:37,Saturday,February,Q3,False
483743,2025-03-25 19:59:07,Friday,March,Q3,False
1301608,2024-03-19 08:17:49,Sunday,September,Q3,False
983398,2025-09-11 18:16:23,Wednesday,December,Q1,True
958725,2025-11-29 00:43:59,Thursday,March,Q1,True
1097770,2025-06-06 13:44:23,Thursday,October,Q4,True
649450,2025-10-05 15:23:38,Wednesday,August,Q3,False
784194,2025-08-24 16:12:55,Saturday,November,Q2,True
912286,2024-10-02 11:24:30,Friday,October,Q3,False
834593,2024-01-29 08:22:08,Sunday,April,Q2,False
1776095,2024-12-19 07:42:53,Friday,May,Q1,False
909608,2025-06-15 08:41:38,Sunday,March,Q3,False
414484,2024-05-09 14:03:42,Saturday,March,Q2,False
1688818,2025-01-23 13:04:22,Monday,August,Q2,True
1368232,2024-10-12 19:36:58,Saturday,December,Q2,False
1116777,2024-10-28 15:53:02,Thursday,August,Q3,False
1995253,2025-02-23 21:55:10,Saturday,May,Q3,True
1623169,2024-01-16 13:58:55,Friday,November,Q2,False
121263,2025-12-14 11:49:50,Monday,December,Q2,True
1285001,2024-08-29 11:38:01,Saturday,December,Q3,True
1357098,2025-03-16 11:12:38,Wednesday,July,Q3,False
1644618,2025-08-08 05:03:22,Sunday,March,Q2,True
1768802,2024-11-22 14:24:06,Wednesday,March,Q2,False
1934568,2024-11-09 11:50:08,Monday,December,Q2,True
59133,2025-06-29 16:28:13,Saturday,September,Q3,False
1034334,2025-10-11 00:47:18,Thursday,June,Q2,False
444459,2025-07-12 18:32:36,Tuesday,July,Q2,False
1979479,2024-05-18 13:11:36,Tuesday,November,Q3,True
120916,2024-03-05 15:58:35,Tuesday,May,Q1,False
485235,2024-01-24 10:20:34,Saturday,November,Q4,False
407293,2025-02-25 13:59:41,Friday,August,Q2,False
385055,2025-10-18 10:26:19,Tuesday,February,Q2,False
1348198,2025-03-17 11:06:05,Saturday,October,Q3,False
1981904,2024-03-14 10:57:12,Friday,October,Q1,True
1854898,2025-07-05 07:23:44,Tuesday,August,Q2,False
866612,2024-06-06 06:12:58,Saturday,November,Q3,False
434437,2025-11-25 11:07:53,Tuesday,January,Q4,True
8914,2025-03-31 22:18:53,Thursday,March,Q4,False
1019258,2024-05-30 10:41:57,Wednesday,May,Q3,True
1969492,2025-07-18 02:28:56,Saturday,March,Q1,False
915485,2024-08-02 14:22:05,Thursday,January,Q3,True
1597376,2024-08-29 07:29:10,Monday,February,Q3,True
1027445,2024-08-14 09:11:36,Sunday,June,Q1,True
1198171,2025-02-26 06:20:48,Saturday,March,Q1,False
418765,2024-09-03 08:19:29,Friday,March,Q4,True
338197,2025-10-14 16:29:19,Wednesday,December,Q2,True
1337795,2024-04-29 17:39:00,Friday,August,Q4,False
225441,2024-02-11 07:05:23,Thursday,August,Q2,False
314684,2025-12-04 14:19:58,Saturday,March,Q2,True
1193570,2024-03-12 11:59:53,Monday,December,Q1,True
1013366,2025-05-13 11:21:33,Sunday,February,Q2,True
619602,2025-01-02 09:35:39,Sunday,September,Q3,True
1935904,2025-03-25 19:22:37,Monday,February,Q3,False
303447,2025-02-25 11:57:22,Wednesday,February,Q4,False
619708,2025-08-26 14:33:50,Monday,November,Q1,False
333227,2025-05-08 18:03:55,Tuesday,September,Q2,True
1890971,2025-08-01 18:03:15,Saturday,November,Q4,True
1795021,2025-08-26 07:19:55,Wednesday,August,Q2,True
1540540,2024-11-10 09:46:40,Saturday,December,Q4,False
1133700,2025-04-02 09:52:18,Wednesday,December,Q4,False
383519,2025-03-14 05:15:41,Sunday,August,Q1,False
1342358,2025-04-23 12:44:24,Saturday,March,Q4,True
607270,2025-09-18 18:04:28,Saturday,February,Q2,True
312496,2025-04-30 09:13:45,Thursday,July,Q3,False
1025809,2024-03-25 13:41:16,Tuesday,June,Q3,False
359130,2024-05-12 17:29:18,Monday,January,Q4,False
30208,2025-11-26 11:50:21,Saturday,August,Q4,True
883286,2024-04-16 16:37:05,Saturday,September,Q2,True
1988998,2024-10-18 17:08:49,Saturday,May,Q4,False
1698369,2025-05-18 19:33:07,Saturday,December,Q4,True
1293325,2024-11-06 00:59:06,Tuesday,March,Q4,False
1633695,2025-07-10 14:50:44,Sunday,November,Q4,True
706704,2024-07-15 15:49:12,Tuesday,November,Q2,True
1428932,2024-07-13 20:49:43,Thursday,January,Q4,False
935502,2024-08-25 13:39:31,Friday,February,Q3,True
1717870,2024-11-28 19:38:54,Thursday,May,Q4,False
1569286,2024-09-12 12:31:32,Sunday,August,Q2,False
937095,2025-06-12 12:16:51,Tuesday,April,Q2,False
812016,2024-03-10 13:33:41,Friday,June,Q1,False
1968954,2024-02-15 09:52:15,Saturday,August,Q3,True
226474,2024-02-15 10:26:03,Tuesday,February,Q2,True
703285,2025-09-06 22:35:39,Tuesday,September,Q3,False
5175,2025-03-06 11:19:42,Tuesday,June,Q2,True
1461256,2025-10-13 11:03:27,Wednesday,March,Q2,True
1883809,2025-10-13 10:23:27,Wednesday,June,Q2,True
1718830,2025-08-01 18:01:16,Sunday,January,Q1,False
1353485,2025-07-05 07:34:50,Wednesday,October,Q1,True
354369,2024-02-07 11:01:06,Saturday,September,Q4,False
960408,2024-11-15 13:31:17,Thursday,April,Q2,False
100204,2024-06-03 08:41:31,Thursday,March,Q4,False
108310,2025-12-09 03:42:54,Wednesday,August,Q2,False
169217,2024-02-09 08:53:30,Wednesday,December,Q2,False
1336672,2025-01-17 16:13:55,Wednesday,November,Q3,True
924522,2024-06-18 15:20:14,Thursday,March,Q4,False
66265,2024-05-08 14:05:42,Thursday,August,Q4,True
1010979,2024-09-27 10:16:41,Saturday,December,Q2,False
1030101,2024-08-30 09:37:36,Friday,October,Q2,True
1503343,2025-05-05 11:09:29,Saturday,January,Q2,False
36706,2025-11-17 19:09:24,Wednesday,March,Q4,False
501688,2024-05-05 19:43:21,Sunday,May,Q3,False
585829,2025-06-06 12:42:20,Saturday,February,Q4,False
21861,2024-10-19 07:18:22,Friday,March,Q1,False
1631713,2025-12-07 03:10:09,Sunday,August,Q1,True
310175,2025-11-24 12:50:55,Sunday,December,Q3,False
1201071,2025-10-03 09:37:16,Sunday,August,Q1,True
227725,2024-03-16 08:50:55,Wednesday,March,Q1,False
218253,2025-08-07 15:03:27,Friday,December,Q3,True
1868279,2025-01-28 11:58:42,Monday,December,Q3,False
1668220,2024-03-01 15:28:45,Monday,November,Q4,True
1236523,2024-12-19 18:56:25,Thursday,March,Q4,False
449960,2024-06-26 13:24:52,Monday,March,Q4,True
1508461,2025-10-18 14:17:34,Sunday,August,Q2,True
524279,2024-09-01 17:20:30,Thursday,August,Q2,False
956726,2025-02-05 15:23:23,Sunday,March,Q3,False
1564339,2024-11-29 10:03:17,Friday,July,Q4,False
460501,2024-08-19 12:50:08,Friday,September,Q2,True
812004,2024-04-06 16:37:07,Wednesday,May,Q4,True
1453305,2025-04-14 10:09:51,Thursday,August,Q2,True
635329,2024-11-13 14:23:48,Thursday,December,Q3,True
1650656,2024-11-29 08:48:10,Saturday,August,Q3,True
712223,2024-08-08 06:26:56,Friday,May,Q1,True
570593,2024-04-02 19:17:48,Thursday,May,Q1,False
850599,2024-05-05 06:31:17,Sunday,July,Q1,False
1024301,2024-07-25 19:09:06,Wednesday,November,Q2,False
116487,2024-01-19 20:03:17,Tuesday,March,Q4,True
683794,2024-07-27 18:38:36,Friday,October,Q4,True
1677578,2025-03-07 01:16:37,Sunday,March,Q3,False
963666,2025-12-20 15:32:18,Monday,March,Q2,True
153144,2024-04-02 19:31:12,Wednesday,November,Q3,False
393292,2025-01-31 16:20:19,Thursday,July,Q3,False
438890,2025-09-04 23:57:11,Tuesday,March,Q1,True
1600858,2025-04-10 17:28:25,Wednesday,March,Q2,False
421973,2024-11-07 17:01:33,Thursday,December,Q4,True
222923,2025-02-22 19:32:10,Thursday,March,Q4,True
439042,2025-05-04 13:22:16,Tuesday,May,Q3,True
1322677,2025-08-21 18:26:37,Friday,November,Q2,True
204872,2024-10-05 16:06:41,Saturday,May,Q4,True
110024,2024-09-09 19:45:58,Friday,May,Q2,True
1751524,2024-01-15 11:01:40,Thursday,June,Q1,True
868686,2025-01-03 14:34:53,Monday,March,Q2,True
644304,2024-07-14 08:27:04,Sunday,February,Q1,False
656709,2025-01-14 14:36:33,Wednesday,June,Q2,False
139784,2025-11-10 07:10:13,Thursday,August,Q2,True
257597,2024-02-21 12:54:36,Sunday,February,Q2,True
1024452,2024-06-28 12:37:10,Wednesday,February,Q2,False
1549214,2024-04-28 13:10:42,Thursday,November,Q3,False
180853,2025-07-31 13:07:22,Sunday,March,Q4,True
1144313,2024-02-21 16:47:36,Sunday,May,Q4,True
1410988,2024-08-25 10:49:26,Thursday,November,Q1,True
982795,2025-05-13 14:02:52,Saturday,May,Q4,True
1337553,2025-09-18 15:32:27,Tuesday,March,Q4,False
1227811,2024-12-02 12:23:53,Friday,May,Q3,False
1948498,2024-06-13 23:12:50,Sunday,May,Q1,True
1822853,2025-02-01 16:43:31,Thursday,October,Q1,False
1508852,2024-09-13 11:25:21,Saturday,March,Q2,True
1663251,2024-07-30 23:12:28,Wednesday,November,Q2,True
477531,2025-05-20 13:27:26,Friday,March,Q4,True
173917,2024-08-17 06:01:10,Sunday,May,Q2,False
253180,2024-03-11 12:25:45,Tuesday,February,Q1,False
473349,2025-10-01 13:22:49,Tuesday,May,Q2,True
19659,2025-03-31 20:39:01,Friday,May,Q4,True
1987320,2024-03-07 12:13:25,Monday,September,Q3,False
1226488,2024-08-22 08:06:24,Sunday,August,Q2,True
1211072,2024-05-01 16:04:09,Monday,August,Q4,False
1853630,2025-10-12 18:40:55,Thursday,May,Q1,True
1742810,2025-02-19 07:42:08,Sunday,March,Q2,False
1208381,2025-06-18 15:15:17,Sunday,November,Q2,True
1941916,2024-07-14 10:14:39,Friday,March,Q2,True
682030,2024-03-04 10:01:48,Monday,February,Q4,True
528142,2025-08-23 13:07:24,Friday,April,Q4,True
1137713,2025-11-23 08:41:04,Wednesday,May,Q4,False
843207,2025-04-20 07:47:55,Friday,February,Q3,False
745637,2024-09-02 14:10:38,Monday,December,Q1,True
1588034,2024-10-13 05:03:30,Sunday,May,Q4,True
748358,2024-08-03 13:17:23,Thursday,November,Q3,True
568212,2025-11-02 09:00:31,Saturday,December,Q3,True
111311,2024-06-30 06:41:25,Tuesday,September,Q2,False
446710,2025-01-16 10:42:45,Sunday,March,Q3,False
1358529,2024-06-15 14:19:32,Friday,March,Q4,True
310741,2025-12-25 21:15:04,Thursday,January,Q4,True
1766897,2024-04-02 18:36:40,Saturday,November,Q1,True
1887093,2024-12-16 16:56:12,Wednesday,February,Q1,True
788563,2024-09-11 11:57:18,Thursday,May,Q1,False
1604509,2025-09-29 09:15:08,Saturday,June,Q2,True
1142506,2025-05-11 16:03:54,Sunday,February,Q2,False
819948,2024-05-02 15:35:31,Wednesday,March,Q4,True
1754722,2024-12-26 10:48:04,Thursday,December,Q2,False
302438,2024-11-15 11:07:22,Thursday,March,Q2,True
642473,2024-06-25 12:07:12,Thursday,December,Q1,True
1123581,2025-10-31 14:59:10,Tuesday,March,Q2,True
202147,2024-07-11 11:43:24,Saturday,November,Q4,True
946858,2025-01-15 17:19:37,Saturday,November,Q1,True
497047,2024-12-26 17:23:04,Wednesday,March,Q2,False
1941017,2025-03-01 11:27:37,Saturday,February,Q3,False
391737,2024-03-28 16:31:37,Wednesday,December,Q1,False
861116,2024-11-25 10:09:35,Wednesday,October,Q2,False
1834457,2024-01-12 11:00:45,Saturday,March,Q2,False
170420,2025-12-05 12:25:01,Tuesday,March,Q1,True
343512,2025-07-31 21:22:58,Thursday,June,Q2,False
1027057,2025-05-01 07:50:50,Thursday,November,Q2,True
1422043,2024-12-29 19:33:40,Sunday,November,Q4,False
211521,2025-09-11 16:56:24,Wednesday,August,Q1,False
70450,2024-02-23 15:44:44,Thursday,December,Q2,False
1543589,2024-08-06 09:43:29,Monday,August,Q2,True
700534,2024-08-12 11:28:27,Thursday,August,Q1,False
1357088,2024-08-29 10:41:16,Monday,October,Q4,False
1581236,2024-01-30 00:27:44,Thursday,January,Q3,False
643532,2025-06-22 12:10:43,Saturday,August,Q4,False
1653821,2025-02-02 10:26:17,Thursday,October,Q3,True
1139281,2025-10-07 05:05:13,Saturday,May,Q2,False
111064,2025-01-13 12:11:17,Thursday,February,Q1,False
327493,2025-12-19 20:22:58,Thursday,November,Q3,False
727383,2025-03-31 20:12:38,Sunday,October,Q2,True
1763467,2025-04-23 10:20:03,Sunday,December,Q2,True
666946,2024-02-10 16:32:44,Wednesday,August,Q1,False
1659140,2025-09-15 22:18:51,Saturday,August,Q1,False
80732,2024-12-26 09:19:23,Thursday,September,Q2,True
882319,2025-08-27 12:19:09,Saturday,December,Q1,False
1410632,2024-08-06 11:17:35,Friday,November,Q4,True
1736757,2024-10-31 09:48:19,Saturday,March,Q3,False
735185,2024-03-29 19:34:40,Monday,October,Q4,False
275589,2025-07-07 15:46:56,Saturday,September,Q3,True
1864233,2024-07-23 17:54:27,Thursday,August,Q3,True
1252070,2024-03-24 07:26:30,Thursday,June,Q1,False
1256770,2024-06-21 11:46:51,Saturday,February,Q1,True
687224,2025-08-08 18:01:07,Saturday,March,Q3,False
1614438,2024-01-28 13:51:27,Saturday,April,Q2,False
1633816,2024-10-21 16:19:28,Wednesday,April,Q1,True
224086,2025-09-06 08:53:43,Sunday,November,Q2,True
403359,2024-09-28 10:00:08,Thursday,September,Q2,True
1304196,2025-12-05 08:44:56,Friday,March,Q3,False
288332,2024-09-28 13:19:41,Tuesday,May,Q2,True
1819148,2024-09-21 15:17:39,Sunday,August,Q2,False
441993,2025-05-02 11:38:54,Wednesday,April,Q1,True
1923395,2024-03-06 11:18:07,Friday,April,Q4,True
1445112,2025-07-01 08:09:43,Thursday,November,Q3,False
218130,2025-03-14 10:54:17,Sunday,May,Q3,False
661887,2024-04-03 18:50:59,Thursday,October,Q2,True
744757,2024-02-17 08:09:18,Sunday,August,Q4,False
177873,2024-06-03 18:51:04,Thursday,August,Q1,False
651949,2024-09-02 10:25:48,Monday,October,Q3,True
1217285,2025-01-25 14:08:57,Thursday,May,Q2,False
1483769,2024-07-01 10:33:03,Tuesday,October,Q2,False
1158572,2025-06-24 14:48:21,Thursday,April,Q2,False
304873,2024-08-20 16:59:58,Sunday,March,Q3,False
1716126,2025-02-02 13:18:20,Wednesday,February,Q1,True
1481493,2025-01-26 10:56:47,Sunday,February,Q4,True
525017,2024-07-25 20:39:52,Friday,November,Q3,True
1432572,2024-07-07 17:09:00,Thursday,September,Q3,False
1550552,2024-02-20 09:45:08,Thursday,August,Q4,True
427358,2025-03-19 10:24:39,Friday,March,Q2,True
127446,2024-03-15 09:30:57,Tuesday,October,Q2,True
1343033,2024-03-31 08:08:49,Wednesday,September,Q4,True
374176,2024-03-10 14:58:31,Tuesday,March,Q3,True
896422,2024-08-22 18:30:00,Thursday,March,Q3,False
1913819,2025-05-16 10:01:20,Thursday,August,Q1,True
1377391,2025-04-11 13:45:42,Friday,March,Q2,False
1420039,2025-08-14 17:39:36,Monday,August,Q2,True
1792956,2025-06-25 13:54:38,Wednesday,May,Q3,False
1087704,2024-07-23 07:15:47,Sunday,August,Q3,True
1499364,2025-12-04 09:27:53,Monday,June,Q1,False
1291008,2025-12-11 14:42:31,Wednesday,February,Q1,True
1796478,2025-12-15 16:25:13,Wednesday,January,Q4,True
1483821,2025-09-22 07:08:12,Sunday,March,Q4,False
1493253,2024-03-25 09:14:00,Thursday,January,Q2,True
854939,2025-07-29 16:45:34,Friday,January,Q4,True
808819,2024-12-21 11:24:44,Sunday,February,Q4,True
9711,2024-08-05 10:34:47,Saturday,March,Q3,True
1134963,2025-04-10 16:28:55,Sunday,March,Q2,True
632848,2024-10-03 10:41:24,Sunday,February,Q1,True
1767690,2025-03-11 14:15:22,Saturday,September,Q1,True
1531842,2025-01-01 20:48:58,Monday,June,Q3,False
1380357,2024-08-27 17:10:11,Friday,March,Q1,False
1951221,2025-08-11 12:25:52,Sunday,September,Q3,True
831831,2024-07-24 20:21:37,Thursday,October,Q2,True
1660474,2025-07-27 16:38:09,Saturday,November,Q2,False
530007,2024-09-14 12:15:48,Thursday,April,Q3,False
1364120,2025-10-30 19:59:37,Monday,March,Q3,False
284185,2024-01-02 02:11:13,Saturday,October,Q4,False
1682026,2025-01-05 10:49:47,Saturday,October,Q4,True
1099548,2024-10-29 21:35:12,Sunday,March,Q2,True
1697923,2025-10-16 13:01:49,Tuesday,March,Q1,False
1251590,2024-03-10 14:01:24,Saturday,January,Q3,False
1340846,2025-08-13 13:24:02,Monday,July,Q4,False
230868,2024-12-22 15:14:49,Wednesday,October,Q3,False
166024,2025-03-28 10:07:33,Thursday,April,Q2,True
725737,2024-05-29 10:00:14,Wednesday,November,Q2,False
571985,2024-06-21 10:18:17,Sunday,March,Q2,True
94487,2024-03-22 14:13:49,Monday,March,Q3,False
386309,2025-09-27 16:20:13,Friday,March,Q3,False
1357982,2025-08-02 14:49:05,Sunday,July,Q3,True
107834,2024-12-01 21:51:17,Thursday,January,Q4,True
488452,2024-08-27 10:43:41,Tuesday,November,Q4,False
1178061,2024-08-16 01:52:25,Thursday,February,Q4,False
358973,2024-06-07 07:07:12,Thursday,February,Q4,True
629437,2025-04-02 05:52:59,Sunday,March,Q2,True
1552087,2025-08-13 08:59:00,Wednesday,July,Q4,True
616417,2025-12-15 10:20:07,Sunday,November,Q1,False
1291953,2025-12-21 17:16:54,Friday,September,Q4,False
344664,2024-05-04 09:03:49,Sunday,June,Q3,True
105799,2024-06-02 13:46:44,Saturday,August,Q3,False
1792953,2025-05-28 20:26:04,Saturday,March,Q3,False
1927054,2024-04-05 16:48:08,Wednesday,July,Q3,False
1956527,2025-11-01 13:40:51,Friday,March,Q2,True
1642207,2025-09-10 16:33:48,Saturday,July,Q1,False
1609280,2024-04-21 14:22:35,Tuesday,August,Q2,False
673228,2024-08-25 12:40:13,Saturday,March,Q2,False
59643,2024-01-01 09:18:24,Monday,March,Q4,False
264195,2025-06-03 09:24:37,Thursday,May,Q1,True
1628885,2024-12-14 23:19:25,Friday,September,Q4,False
1205811,2025-10-16 12:37:44,Thursday,May,Q1,False
1642993,2025-01-03 10:01:28,Thursday,October,Q2,True
1153904,2025-10-16 14:37:46,Friday,February,Q4,False
642116,2025-03-21 17:18:14,Saturday,May,Q4,False
1947152,2024-02-16 18:04:29,Thursday,March,Q2,False
288966,2025-02-19 07:27:38,Friday,July,Q2,False
672456,2025-12-01 07:35:38,Monday,November,Q3,True
1501510,2024-09-22 13:35:18,Sunday,December,Q3,True
49,2024-09-26 09:46:07,Sunday,December,Q4,False
743683,2025-06-12 07:19:00,Wednesday,November,Q2,True
586368,2024-02-01 11:57:09,Wednesday,May,Q4,True
413182,2024-04-04 05:19:13,Thursday,April,Q3,True
993622,2025-01-13 08:15:55,Sunday,October,Q1,False
132013,2025-02-13 21:29:08,Sunday,November,Q1,True
1826580,2024-06-25 15:57:12,Monday,November,Q4,False
130239,2024-08-20 20:50:59,Tuesday,August,Q2,True
325618,2025-08-21 18:17:26,Tuesday,September,Q2,False
4445,2025-08-02 15:07:30,Saturday,June,Q3,True
496385,2024-05-07 08:09:42,Friday,October,Q2,True
994261,2025-11-20 10:04:04,Friday,May,Q1,True
1163822,2024-11-06 09:32:50,Thursday,October,Q4,True
1624713,2024-03-31 16:07:01,Thursday,November,Q2,False
787792,2025-01-02 15:14:58,Thursday,November,Q3,True
1480696,2025-12-05 11:17:44,Tuesday,February,Q1,True
1154970,2024-12-25 22:54:21,Thursday,November,Q1,False
1751694,2025-07-30 15:36:49,Friday,October,Q3,True
245370,2024-03-27 18:51:34,Tuesday,May,Q4,True
1491729,2025-03-07 16:39:34,Saturday,November,Q2,True
1072674,2024-10-29 08:21:58,Thursday,December,Q3,True
67269,2024-03-07 10:57:02,Sunday,March,Q3,False
238257,2024-10-05 16:17:31,Saturday,February,Q3,True
1948840,2024-11-16 14:03:06,Friday,October,Q3,False
1770508,2025-08-16 05:14:41,Tuesday,December,Q3,True
1727559,2025-10-29 09:52:42,Saturday,August,Q2,False
121860,2025-07-01 14:54:53,Thursday,March,Q3,False
542761,2024-11-13 16:03:30,Thursday,January,Q2,True
549706,2025-08-08 09:52:10,Saturday,January,Q3,True
407849,2025-02-20 07:33:39,Saturday,April,Q2,True
1819711,2024-12-10 09:18:55,Tuesday,July,Q3,True
695940,2024-03-26 08:26:39,Sunday,March,Q2,True
1714101,2024-10-15 07:27:54,Friday,March,Q2,False
1597236,2024-01-20 12:44:30,Friday,August,Q4,False
1302782,2025-08-03 08:35:33,Thursday,October,Q3,True
330504,2024-09-21 23:56:37,Thursday,July,Q2,True
1910645,2025-03-22 12:42:34,Thursday,February,Q4,False
186595,2025-11-29 20:47:42,Tuesday,June,Q2,True
1980588,2024-08-20 06:40:53,Sunday,January,Q3,True
951053,2025-05-21 14:08:37,Friday,May,Q4,False
1118358,2025-02-25 14:48:06,Tuesday,March,Q2,True
106087,2024-07-18 14:57:26,Wednesday,October,Q3,False
1534534,2024-02-02 11:50:42,Wednesday,November,Q3,True
740074,2024-12-29 17:12:17,Thursday,July,Q2,False
113950,2025-03-04 07:47:58,Sunday,December,Q1,True
1814386,2025-10-14 17:20:37,Sunday,August,Q4,False
955880,2024-06-21 10:42:17,Saturday,March,Q1,False
805425,2024-02-04 11:41:11,Monday,November,Q3,False
305437,2025-05-15 10:16:59,Friday,May,Q2,True
1238347,2024-03-28 17:02:04,Sunday,March,Q2,False
379210,2024-03-15 11:29:07,Wednesday,October,Q2,True
492187,2024-01-14 10:37:38,Wednesday,June,Q1,False
130450,2025-11-19 19:37:01,Monday,July,Q3,True
1947178,2024-03-16 17:39:54,Friday,October,Q1,False
1035646,2025-07-29 16:25:46,Wednesday,October,Q3,True
936943,2025-08-13 07:26:54,Monday,April,Q2,False
1773801,2024-12-10 18:48:21,Wednesday,March,Q3,False
1374028,2025-07-01 17:03:29,Sunday,March,Q2,True
1132432,2024-09-08 15:31:09,Wednesday,February,Q4,False
449635,2025-11-20 11:14:29,Thursday,March,Q3,False
535821,2025-01-29 02:47:48,Thursday,August,Q1,True
1679083,2025-10-16 21:09:57,Sunday,August,Q3,True
157200,2025-02-05 12:35:38,Sunday,February,Q2,False
355788,2025-01-12 08:57:17,Wednesday,May,Q2,True
1537811,2024-05-16 16:56:32,Saturday,May,Q2,False
881018,2025-08-21 11:06:12,Thursday,August,Q2,True
1710063,2024-07-03 20:00:31,Thursday,October,Q2,True
108350,2024-12-27 06:52:32,Saturday,November,Q2,True
969448,2025-10-19 11:42:43,Wednesday,May,Q4,False
925657,2024-06-12 13:07:19,Saturday,July,Q4,True
998412,2025-03-03 11:49:22,Sunday,November,Q2,False
307227,2024-07-13 09:01:01,Monday,September,Q3,True
1653037,2024-02-11 02:25:24,Thursday,May,Q1,True
1250310,2024-04-12 16:30:01,Thursday,December,Q2,False
1708595,2024-07-24 14:05:13,Sunday,December,Q4,True
1959837,2025-12-23 16:52:28,Monday,March,Q4,True
730429,2024-02-22 19:48:32,Thursday,January,Q2,False
1753676,2024-11-25 07:59:24,Tuesday,July,Q1,False
1548443,2025-05-11 15:51:41,Monday,June,Q4,False
1916851,2024-02-09 19:32:18,Thursday,April,Q3,False
846031,2025-09-05 09:12:30,Wednesday,August,Q4,True
1804141,2025-10-25 16:48:36,Monday,December,Q1,True
1247396,2024-08-16 22:31:05,Thursday,April,Q1,True
270364,2024-12-02 15:41:51,Sunday,April,Q4,False
1328491,2024-02-03 03:33:32,Thursday,June,Q4,False
1612076,2025-11-22 13:24:16,Friday,November,Q3,False
976626,2025-04-05 22:17:48,Tuesday,November,Q2,False
160104,2024-12-06 19:39:27,Sunday,July,Q2,True
1220283,2025-09-13 08:35:56,Wednesday,August,Q1,False
1988768,2024-11-24 15:58:15,Saturday,February,Q4,True
769874,2024-08-31 09:38:38,Friday,September,Q1,False
731802,2025-08-21 12:53:36,Friday,June,Q4,True
1099629,2025-03-31 09:38:48,Thursday,March,Q4,False
1005135,2025-10-24 15:49:15,Sunday,April,Q4,False
1369813,2025-04-04 16:39:35,Tuesday,January,Q2,True
777559,2024-07-05 08:21:35,Wednesday,April,Q1,True
1237756,2024-03-14 10:05:23,Sunday,February,Q3,False
1578952,2024-10-27 13:56:53,Friday,November,Q3,False
480879,2024-03-31 16:26:21,Monday,February,Q3,False
804890,2024-12-06 14:27:22,Saturday,March,Q3,True
70716,2025-09-05 15:57:03,Tuesday,August,Q4,False
1386330,2024-04-13 11:31:29,Friday,January,Q4,True
1461938,2024-05-29 21:43:54,Thursday,May,Q2,False
1029314,2025-01-20 16:02:12,Friday,March,Q3,True
641209,2025-08-05 07:59:04,Saturday,November,Q1,False
894630,2024-04-16 16:43:05,Sunday,June,Q1,True
373496,2025-11-13 11:45:19,Saturday,October,Q3,True
1560947,2025-07-01 10:20:47,Monday,November,Q1,True
1359561,2025-08-09 09:36:48,Thursday,September,Q1,True
866321,2024-01-11 15:37:23,Saturday,May,Q4,True
1572069,2024-09-19 10:34:14,Saturday,August,Q2,True
435174,2024-06-14 13:03:46,Sunday,May,Q2,True
1685315,2025-05-23 08:42:59,Thursday,January,Q4,False
1347608,2025-03-02 19:38:37,Monday,October,Q4,True
1822822,2024-07-18 10:22:21,Saturday,January,Q2,True
1199331,2024-07-12 11:01:02,Thursday,November,Q2,True
413052,2025-05-02 11:10:23,Thursday,August,Q4,True
1529634,2025-09-16 14:21:31,Friday,January,Q2,False
1074026,2024-09-17 15:10:45,Thursday,April,Q4,True
260608,2025-04-22 19:09:37,Monday,June,Q3,False
996755,2024-04-18 10:28:08,Wednesday,December,Q3,False
